{"effects":{"Material-effect":{"meta":{"normals":true},"parameters":{"index_of_refraction":1,"materialColor":[0.64,0.64,0.64,1],"shininess":50},"type":"constant"}},"geometries":{"Cube":{"inputs":{"NORMAL":{"offset":2,"source":"Cube-mesh-normals"},"POSITION":{"offset":0,"source":"Cube-mesh-positions"},"TEXCOORD0":{"offset":1,"source":"Cube-mesh-map-0"}},"meta":{"graphics":true},"sources":{"Cube-mesh-map-0":{"data":[0,0.665647,0.332314,0.666667,0.00101942,0.333333,1,0.998981,0.998981,0.666667,0.667686,1,1,0.334353,0.666667,0.665647,0.334353,0.333333,0.333333,0.665647,0.666667,0.334353,0.333333,0.667686,0.00101948,0.666667,0.332314,1,0.333333,0.998981,0.665647,1,0.334353,0.666667,0.333333,0.334353,0.666667,0.667686,0.667686,0.333333,0.665647,0.666667,0,0.99898,0.666667,0.667686],"max":[1,1],"min":[0,0.333333],"stride":2},"Cube-mesh-normals":{"data":[0,0,-1,0,0,1,1,0,0,0,-1,0,-1,0,0,0,1,0,1,0,0,0,-1,0,-1,0,0,0,1,0],"max":[1,1,1],"min":[-1,-1,-1],"stride":3},"Cube-mesh-positions":{"data":[1,1,-1,1,-1,-1,-1,1,-1,1,1,1,-1,1,1,1,-1,1,-1,-1,-1,-1,-1,1],"max":[1,1,1],"min":[-1,-1,-1],"stride":3}},"surfaces":{"Material-material":{"numPrimitives":12,"triangles":[0,4,2,3,6,2,1,7,2,3,3,1,4,4,1,5,5,1,4,4,1,7,18,1,5,5,1,0,0,0,1,1,0,2,2,0,1,1,0,6,17,0,2,2,0,1,8,3,5,9,3,6,10,3,0,15,9,2,22,9,4,16,9,6,11,4,7,12,4,2,13,4,7,12,8,4,21,8,2,13,8,3,14,5,0,15,5,4,16,5,5,9,7,7,20,7,6,10,7,3,6,6,5,19,6,1,7,6]}}}},"lights":{"Lamp":{"color":[1,1,1],"radius":298.499,"type":"point"}},"materials":{"Material":{"effect":"Material-effect"}},"nodes":{"Camera":{"camera":"Camera-camera","matrix":[0.685881,-0.0108168,-0.727634,-0.31737,0.895343,-0.312469,0.654862,0.445245,0.610666,7.48113,5.34366,6.50764]},"Cube":{"geometryinstances":{"Cube":{"geometry":"Cube","material":"Material","surface":"Material-material"}},"matrix":[1,0,0,0,0,-1,0,1,0,0,0,0]},"Lamp":{"lightinstances":{"Lamp-light":{"light":"Lamp"}},"matrix":[-0.290865,-0.0551891,-0.955171,-0.771101,0.604525,0.199883,0.566393,0.794672,-0.218391,4.07625,5.90386,-1.00545]}},"version":1}
